variant,1_1,1_2,1_3,1_4,1_5,2_1,2_2,2_3,2_4,2_5,3_1,3_2,3_3,3_4,3_5,4_1,4_2,4_3,4_4,4_5,5_1,5_2,5_3,5_4,5_5,6_1,6_2,6_3,6_4,6_5,7_1,7_2,7_3,7_4,7_5,8_1,8_2,8_3,8_4,8_5,9_1,9_2,9_3,9_4,9_5,10_1,10_2,10_3,10_4,10_5,11_1,11_2,11_3,11_4,11_5,12_1,12_2,12_3,12_4,12_5,13_1,13_2,13_3,13_4,13_5,14_1,14_2,14_3,14_4,14_5,15_1,15_2,15_3,15_4,15_5,16_1,16_2,16_3,16_4,16_5,17_1,17_2,17_3,17_4,17_5,18_1,18_2,18_3,18_4,18_5,19_1,19_2,19_3,19_4,19_5,20_1,20_2,20_3,20_4,20_5,21_1,21_2,21_3,21_4,21_5,22_1,22_2,22_3,22_4,22_5,23_1,23_2,23_3,23_4,23_5,24_1,24_2,24_3,24_4,24_5,25_1,25_2,25_3,25_4,25_5,26_1,26_2,26_3,26_4,26_5,27_1,27_2,27_3,27_4,27_5,28_1,28_2,28_3,28_4,28_5,29_1,29_2,29_3,29_4,29_5,30_1,30_2,30_3,30_4,30_5,31_1,31_2,31_3,31_4,31_5,32_1,32_2,32_3,32_4,32_5,33_1,33_2,33_3,33_4,33_5,34_1,34_2,34_3,34_4,34_5,35_1,35_2,35_3,35_4,35_5,36_1,36_2,36_3,36_4,36_5,37_1,37_2,37_3,37_4,37_5,38_1,38_2,38_3,38_4,38_5,39_1,39_2,39_3,39_4,39_5,40_1,40_2,40_3,40_4,40_5,41_1,41_2,41_3,41_4,41_5,42_1,42_2,42_3,42_4,42_5,43_1,43_2,43_3,43_4,43_5,44_1,44_2,44_3,44_4,44_5,45_1,45_2,45_3,45_4,45_5,46_1,46_2,46_3,46_4,46_5,47_1,47_2,47_3,47_4,47_5,48_1,48_2,48_3,48_4,48_5,49_1,49_2,49_3,49_4,49_5,50_1,50_2,50_3,50_4,50_5,51_1,51_2,51_3,51_4,51_5,52_1,52_2,52_3,52_4,52_5,53_1,53_2,53_3,53_4,53_5
1,3.98,0.93,1.93,-2.46,0.75,2.05,-4.06,0.36,-0.82,-0.38,2.39,-1.07,1.15,-1.39,0.67,-3.89,-1.73,-1.71,-0.84,0.26,2.05,-4.06,0.36,-0.82,-0.38,2.05,-4.06,0.36,-0.82,-0.38,-4.22,1.94,1.06,0.54,-0.62,-2.54,2.44,0.43,0.04,-1.47,1.75,0.5,-1.44,-1.34,0.66,3.98,0.93,1.93,-2.46,0.75,0.24,-2.32,0.6,-0.14,1.3,-2.54,2.44,0.43,0.04,-1.47,3.98,0.93,1.93,-2.46,0.75,2.05,-4.06,0.36,-0.82,-0.38,3.52,2.5,-3.5,1.99,-0.17,3.98,0.93,1.93,-2.46,0.75,-4.22,1.94,1.06,0.54,-0.62,-3.89,-1.73,-1.71,-0.84,0.26,2.39,-1.07,1.15,-1.39,0.67,-4.28,-1.3,-1.49,-0.72,0.84,3.98,0.93,1.93,-2.46,0.75,2.29,0.89,-2.49,1.49,0.31,3.98,0.93,1.93,-2.46,0.75,-4.28,-1.3,-1.49,-0.72,0.84,3.11,0.26,-0.11,-3.04,-0.25,0.75,-2.18,-1.12,-1.46,-0.4,-4.36,3.94,0.59,3.44,-1.59,-2.59,-2.64,-1.54,-0.85,-0.02,0.24,-2.32,0.6,-0.14,1.3,0.24,-2.32,0.6,-0.14,1.3,3.98,0.93,1.93,-2.46,0.75,3.98,0.93,1.93,-2.46,0.75,0.24,-2.32,0.6,-0.14,1.3,0.24,-2.32,0.6,-0.14,1.3,1.75,0.5,-1.44,-1.34,0.66,-3.89,-1.73,-1.71,-0.84,0.26,0.75,-2.18,-1.12,-1.46,-0.4,2.29,0.89,-2.49,1.49,0.31,3.52,2.5,-3.5,1.99,-0.17,2.29,0.89,-2.49,1.49,0.31,-4.36,3.94,0.59,3.44,-1.59,3.11,0.26,-0.11,-3.04,-0.25,0.24,-2.32,0.6,-0.14,1.3,3.98,0.93,1.93,-2.46,0.75,3.52,2.5,-3.5,1.99,-0.17,2.05,-4.06,0.36,-0.82,-0.38,-2.59,-2.64,-1.54,-0.85,-0.02,0.75,-2.18,-1.12,-1.46,-0.4,1.75,0.5,-1.44,-1.34,0.66,2.05,-4.06,0.36,-0.82,-0.38,-4.36,3.94,0.59,3.44,-1.59,3.52,2.5,-3.5,1.99,-0.17,0.24,-2.32,0.6,-0.14,1.3
2,3.98,0.93,1.93,-2.46,0.75,3.05,1.62,1.04,-1.15,1.61,0.75,-2.18,-1.12,-1.46,-0.4,0.75,-2.18,-1.12,-1.46,-0.4,-4.36,3.94,0.59,3.44,-1.59,2.05,-4.06,0.36,-0.82,-0.38,-4.22,1.94,1.06,0.54,-0.62,-2.54,2.44,0.43,0.04,-1.47,1.75,0.5,-1.44,-1.34,0.66,3.98,0.93,1.93,-2.46,0.75,2.39,-1.07,1.15,-1.39,0.67,-2.54,2.44,0.43,0.04,-1.47,3.98,0.93,1.93,-2.46,0.75,2.05,-4.06,0.36,-0.82,-0.38,3.52,2.5,-3.5,1.99,-0.17,3.98,0.93,1.93,-2.46,0.75,-4.22,1.94,1.06,0.54,-0.62,-4.28,-1.3,-1.49,-0.72,0.84,-3.89,-1.73,-1.71,-0.84,0.26,-4.22,1.94,1.06,0.54,-0.62,3.98,0.93,1.93,-2.46,0.75,2.29,0.89,-2.49,1.49,0.31,3.11,0.26,-0.11,-3.04,-0.25,0.75,-2.18,-1.12,-1.46,-0.4,-2.85,-0.22,0.47,1.94,-0.98,0.75,-2.18,-1.12,-1.46,-0.4,-4.28,-1.3,-1.49,-0.72,0.84,2.05,-4.06,0.36,-0.82,-0.38,0.24,-2.32,0.6,-0.14,1.3,3.11,0.26,-0.11,-3.04,-0.25,3.98,0.93,1.93,-2.46,0.75,-3.89,-1.73,-1.71,-0.84,0.26,2.05,-4.06,0.36,-0.82,-0.38,0.24,-2.32,0.6,-0.14,1.3,1.75,0.5,-1.44,-1.34,0.66,-3.89,-1.73,-1.71,-0.84,0.26,0.75,-2.18,-1.12,-1.46,-0.4,2.29,0.89,-2.49,1.49,0.31,3.52,2.5,-3.5,1.99,-0.17,3.52,2.5,-3.5,1.99,-0.17,-4.36,3.94,0.59,3.44,-1.59,3.98,0.93,1.93,-2.46,0.75,0.24,-2.32,0.6,-0.14,1.3,1.75,0.5,-1.44,-1.34,0.66,-2.59,-2.64,-1.54,-0.85,-0.02,-4.22,1.94,1.06,0.54,-0.62,3.98,0.93,1.93,-2.46,0.75,3.05,1.62,1.04,-1.15,1.61,1.75,0.5,-1.44,-1.34,0.66,1.75,0.5,-1.44,-1.34,0.66,-4.36,3.94,0.59,3.44,-1.59,2.29,0.89,-2.49,1.49,0.31,3.52,2.5,-3.5,1.99,-0.17
3,3.98,0.93,1.93,-2.46,0.75,2.05,-4.06,0.36,-0.82,-0.38,-2.59,-2.64,-1.54,-0.85,-0.02,-3.89,-1.73,-1.71,-0.84,0.26,1.75,0.5,-1.44,-1.34,0.66,-2.59,-2.64,-1.54,-0.85,-0.02,-4.22,1.94,1.06,0.54,-0.62,-2.54,2.44,0.43,0.04,-1.47,1.75,0.5,-1.44,-1.34,0.66,3.98,0.93,1.93,-2.46,0.75,2.39,-1.07,1.15,-1.39,0.67,-2.54,2.44,0.43,0.04,-1.47,3.98,0.93,1.93,-2.46,0.75,2.05,-4.06,0.36,-0.82,-0.38,3.52,2.5,-3.5,1.99,-0.17,3.98,0.93,1.93,-2.46,0.75,-4.22,1.94,1.06,0.54,-0.62,-4.28,-1.3,-1.49,-0.72,0.84,0.75,-2.18,-1.12,-1.46,-0.4,-4.28,-1.3,-1.49,-0.72,0.84,3.98,0.93,1.93,-2.46,0.75,2.29,0.89,-2.49,1.49,0.31,3.11,0.26,-0.11,-3.04,-0.25,0.75,-2.18,-1.12,-1.46,-0.4,-2.85,-0.22,0.47,1.94,-0.98,0.75,-2.18,-1.12,-1.46,-0.4,-4.36,3.94,0.59,3.44,-1.59,-2.59,-2.64,-1.54,-0.85,-0.02,0.24,-2.32,0.6,-0.14,1.3,0.24,-2.32,0.6,-0.14,1.3,3.98,0.93,1.93,-2.46,0.75,-3.89,-1.73,-1.71,-0.84,0.26,2.05,-4.06,0.36,-0.82,-0.38,0.24,-2.32,0.6,-0.14,1.3,1.75,0.5,-1.44,-1.34,0.66,-3.89,-1.73,-1.71,-0.84,0.26,0.75,-2.18,-1.12,-1.46,-0.4,2.29,0.89,-2.49,1.49,0.31,3.52,2.5,-3.5,1.99,-0.17,3.52,2.5,-3.5,1.99,-0.17,-4.36,3.94,0.59,3.44,-1.59,2.47,1.95,0.26,3.9,0.09,0.24,-2.32,0.6,-0.14,1.3,3.11,0.26,-0.11,-3.04,-0.25,-2.59,-2.64,-1.54,-0.85,-0.02,2.47,1.95,0.26,3.9,0.09,3.98,0.93,1.93,-2.46,0.75,3.05,1.62,1.04,-1.15,1.61,1.75,0.5,-1.44,-1.34,0.66,2.05,-4.06,0.36,-0.82,-0.38,-4.36,3.94,0.59,3.44,-1.59,2.29,0.89,-2.49,1.49,0.31,2.47,1.95,0.26,3.9,0.09
4,3.98,0.93,1.93,-2.46,0.75,2.05,-4.06,0.36,-0.82,-0.38,0.75,-2.18,-1.12,-1.46,-0.4,0.75,-2.18,-1.12,-1.46,-0.4,2.05,-4.06,0.36,-0.82,-0.38,0.24,-2.32,0.6,-0.14,1.3,-4.22,1.94,1.06,0.54,-0.62,2.47,1.95,0.26,3.9,0.09,1.75,0.5,-1.44,-1.34,0.66,-2.54,2.44,0.43,0.04,-1.47,2.05,-4.06,0.36,-0.82,-0.38,-2.54,2.44,0.43,0.04,-1.47,3.98,0.93,1.93,-2.46,0.75,2.05,-4.06,0.36,-0.82,-0.38,3.52,2.5,-3.5,1.99,-0.17,3.98,0.93,1.93,-2.46,0.75,-4.22,1.94,1.06,0.54,-0.62,-2.59,-2.64,-1.54,-0.85,-0.02,2.39,-1.07,1.15,-1.39,0.67,-4.22,1.94,1.06,0.54,-0.62,3.98,0.93,1.93,-2.46,0.75,2.29,0.89,-2.49,1.49,0.31,3.98,0.93,1.93,-2.46,0.75,0.75,-2.18,-1.12,-1.46,-0.4,-4.28,-1.3,-1.49,-0.72,0.84,0.75,-2.18,-1.12,-1.46,-0.4,-2.54,2.44,0.43,0.04,-1.47,0.75,-2.18,-1.12,-1.46,-0.4,0.24,-2.32,0.6,-0.14,1.3,0.24,-2.32,0.6,-0.14,1.3,3.98,0.93,1.93,-2.46,0.75,0.24,-2.32,0.6,-0.14,1.3,2.05,-4.06,0.36,-0.82,-0.38,0.24,-2.32,0.6,-0.14,1.3,1.75,0.5,-1.44,-1.34,0.66,-2.59,-2.64,-1.54,-0.85,-0.02,0.75,-2.18,-1.12,-1.46,-0.4,2.29,0.89,-2.49,1.49,0.31,3.52,2.5,-3.5,1.99,-0.17,2.29,0.89,-2.49,1.49,0.31,-4.36,3.94,0.59,3.44,-1.59,3.11,0.26,-0.11,-3.04,-0.25,0.24,-2.32,0.6,-0.14,1.3,3.98,0.93,1.93,-2.46,0.75,2.29,0.89,-2.49,1.49,0.31,0.24,-2.32,0.6,-0.14,1.3,-4.22,1.94,1.06,0.54,-0.62,-4.28,-1.3,-1.49,-0.72,0.84,1.75,0.5,-1.44,-1.34,0.66,2.05,-4.06,0.36,-0.82,-0.38,3.52,2.5,-3.5,1.99,-0.17,2.29,0.89,-2.49,1.49,0.31,3.05,1.62,1.04,-1.15,1.61
5,3.98,0.93,1.93,-2.46,0.75,2.05,-4.06,0.36,-0.82,-0.38,2.39,-1.07,1.15,-1.39,0.67,2.29,0.89,-2.49,1.49,0.31,2.05,-4.06,0.36,-0.82,-0.38,2.05,-4.06,0.36,-0.82,-0.38,-2.59,-2.64,-1.54,-0.85,-0.02,-4.22,1.94,1.06,0.54,-0.62,1.75,0.5,-1.44,-1.34,0.66,-4.22,1.94,1.06,0.54,-0.62,0.24,-2.32,0.6,-0.14,1.3,-2.54,2.44,0.43,0.04,-1.47,3.98,0.93,1.93,-2.46,0.75,2.05,-4.06,0.36,-0.82,-0.38,1.75,0.5,-1.44,-1.34,0.66,3.98,0.93,1.93,-2.46,0.75,-4.22,1.94,1.06,0.54,-0.62,-4.28,-1.3,-1.49,-0.72,0.84,3.05,1.62,1.04,-1.15,1.61,-4.28,-1.3,-1.49,-0.72,0.84,3.98,0.93,1.93,-2.46,0.75,2.29,0.89,-2.49,1.49,0.31,3.98,0.93,1.93,-2.46,0.75,2.47,1.95,0.26,3.9,0.09,3.11,0.26,-0.11,-3.04,-0.25,0.75,-2.18,-1.12,-1.46,-0.4,-4.36,3.94,0.59,3.44,-1.59,-2.59,-2.64,-1.54,-0.85,-0.02,0.24,-2.32,0.6,-0.14,1.3,0.24,-2.32,0.6,-0.14,1.3,3.98,0.93,1.93,-2.46,0.75,3.98,0.93,1.93,-2.46,0.75,0.24,-2.32,0.6,-0.14,1.3,0.24,-2.32,0.6,-0.14,1.3,1.75,0.5,-1.44,-1.34,0.66,-3.89,-1.73,-1.71,-0.84,0.26,2.39,-1.07,1.15,-1.39,0.67,2.29,0.89,-2.49,1.49,0.31,3.52,2.5,-3.5,1.99,-0.17,2.29,0.89,-2.49,1.49,0.31,-4.28,-1.3,-1.49,-0.72,0.84,3.98,0.93,1.93,-2.46,0.75,0.24,-2.32,0.6,-0.14,1.3,3.98,0.93,1.93,-2.46,0.75,3.52,2.5,-3.5,1.99,-0.17,2.39,-1.07,1.15,-1.39,0.67,-3.89,-1.73,-1.71,-0.84,0.26,0.24,-2.32,0.6,-0.14,1.3,1.75,0.5,-1.44,-1.34,0.66,3.52,2.5,-3.5,1.99,-0.17,1.75,0.5,-1.44,-1.34,0.66,3.52,2.5,-3.5,1.99,-0.17,0.24,-2.32,0.6,-0.14,1.3
6,3.98,0.93,1.93,-2.46,0.75,2.05,-4.06,0.36,-0.82,-0.38,0.75,-2.18,-1.12,-1.46,-0.4,0.75,-2.18,-1.12,-1.46,-0.4,2.05,-4.06,0.36,-0.82,-0.38,2.05,-4.06,0.36,-0.82,-0.38,-4.22,1.94,1.06,0.54,-0.62,3.98,0.93,1.93,-2.46,0.75,1.75,0.5,-1.44,-1.34,0.66,-4.22,1.94,1.06,0.54,-0.62,0.24,-2.32,0.6,-0.14,1.3,-2.54,2.44,0.43,0.04,-1.47,3.98,0.93,1.93,-2.46,0.75,2.05,-4.06,0.36,-0.82,-0.38,3.52,2.5,-3.5,1.99,-0.17,3.98,0.93,1.93,-2.46,0.75,-4.22,1.94,1.06,0.54,-0.62,-2.59,-2.64,-1.54,-0.85,-0.02,2.39,-1.07,1.15,-1.39,0.67,-4.22,1.94,1.06,0.54,-0.62,3.98,0.93,1.93,-2.46,0.75,2.29,0.89,-2.49,1.49,0.31,3.98,0.93,1.93,-2.46,0.75,0.75,-2.18,-1.12,-1.46,-0.4,-4.28,-1.3,-1.49,-0.72,0.84,0.75,-2.18,-1.12,-1.46,-0.4,-4.36,3.94,0.59,3.44,-1.59,0.75,-2.18,-1.12,-1.46,-0.4,0.24,-2.32,0.6,-0.14,1.3,0.75,-2.18,-1.12,-1.46,-0.4,3.98,0.93,1.93,-2.46,0.75,0.24,-2.32,0.6,-0.14,1.3,2.05,-4.06,0.36,-0.82,-0.38,0.24,-2.32,0.6,-0.14,1.3,1.75,0.5,-1.44,-1.34,0.66,-2.59,-2.64,-1.54,-0.85,-0.02,0.75,-2.18,-1.12,-1.46,-0.4,2.29,0.89,-2.49,1.49,0.31,3.52,2.5,-3.5,1.99,-0.17,2.29,0.89,-2.49,1.49,0.31,-4.36,3.94,0.59,3.44,-1.59,3.11,0.26,-0.11,-3.04,-0.25,0.24,-2.32,0.6,-0.14,1.3,3.98,0.93,1.93,-2.46,0.75,2.29,0.89,-2.49,1.49,0.31,0.24,-2.32,0.6,-0.14,1.3,-4.22,1.94,1.06,0.54,-0.62,-4.28,-1.3,-1.49,-0.72,0.84,1.75,0.5,-1.44,-1.34,0.66,1.75,0.5,-1.44,-1.34,0.66,3.98,0.93,1.93,-2.46,0.75,2.29,0.89,-2.49,1.49,0.31,3.05,1.62,1.04,-1.15,1.61
7,3.98,0.93,1.93,-2.46,0.75,2.05,-4.06,0.36,-0.82,-0.38,2.39,-1.07,1.15,-1.39,0.67,2.29,0.89,-2.49,1.49,0.31,2.05,-4.06,0.36,-0.82,-0.38,2.05,-4.06,0.36,-0.82,-0.38,-2.59,-2.64,-1.54,-0.85,-0.02,-4.22,1.94,1.06,0.54,-0.62,1.75,0.5,-1.44,-1.34,0.66,-4.22,1.94,1.06,0.54,-0.62,0.24,-2.32,0.6,-0.14,1.3,-2.54,2.44,0.43,0.04,-1.47,3.98,0.93,1.93,-2.46,0.75,2.05,-4.06,0.36,-0.82,-0.38,1.75,0.5,-1.44,-1.34,0.66,3.98,0.93,1.93,-2.46,0.75,-4.22,1.94,1.06,0.54,-0.62,-4.28,-1.3,-1.49,-0.72,0.84,3.05,1.62,1.04,-1.15,1.61,-4.28,-1.3,-1.49,-0.72,0.84,3.98,0.93,1.93,-2.46,0.75,2.29,0.89,-2.49,1.49,0.31,3.98,0.93,1.93,-2.46,0.75,2.47,1.95,0.26,3.9,0.09,3.11,0.26,-0.11,-3.04,-0.25,0.75,-2.18,-1.12,-1.46,-0.4,-4.36,3.94,0.59,3.44,-1.59,-2.59,-2.64,-1.54,-0.85,-0.02,0.24,-2.32,0.6,-0.14,1.3,0.24,-2.32,0.6,-0.14,1.3,3.98,0.93,1.93,-2.46,0.75,3.98,0.93,1.93,-2.46,0.75,0.24,-2.32,0.6,-0.14,1.3,0.24,-2.32,0.6,-0.14,1.3,1.75,0.5,-1.44,-1.34,0.66,-3.89,-1.73,-1.71,-0.84,0.26,2.39,-1.07,1.15,-1.39,0.67,2.29,0.89,-2.49,1.49,0.31,3.52,2.5,-3.5,1.99,-0.17,2.29,0.89,-2.49,1.49,0.31,-4.36,3.94,0.59,3.44,-1.59,3.98,0.93,1.93,-2.46,0.75,0.24,-2.32,0.6,-0.14,1.3,3.11,0.26,-0.11,-3.04,-0.25,3.52,2.5,-3.5,1.99,-0.17,2.39,-1.07,1.15,-1.39,0.67,-3.89,-1.73,-1.71,-0.84,0.26,0.24,-2.32,0.6,-0.14,1.3,1.75,0.5,-1.44,-1.34,0.66,-2.54,2.44,0.43,0.04,-1.47,-4.36,3.94,0.59,3.44,-1.59,2.29,0.89,-2.49,1.49,0.31,2.05,-4.06,0.36,-0.82,-0.38
8,3.98,0.93,1.93,-2.46,0.75,2.05,-4.06,0.36,-0.82,-0.38,2.39,-1.07,1.15,-1.39,0.67,2.29,0.89,-2.49,1.49,0.31,2.05,-4.06,0.36,-0.82,-0.38,2.05,-4.06,0.36,-0.82,-0.38,-4.22,1.94,1.06,0.54,-0.62,2.39,-1.07,1.15,-1.39,0.67,1.75,0.5,-1.44,-1.34,0.66,-2.54,2.44,0.43,0.04,-1.47,0.24,-2.32,0.6,-0.14,1.3,-2.54,2.44,0.43,0.04,-1.47,3.98,0.93,1.93,-2.46,0.75,2.05,-4.06,0.36,-0.82,-0.38,3.52,2.5,-3.5,1.99,-0.17,3.98,0.93,1.93,-2.46,0.75,-4.22,1.94,1.06,0.54,-0.62,-4.28,-1.3,-1.49,-0.72,0.84,2.39,-1.07,1.15,-1.39,0.67,-4.28,-1.3,-1.49,-0.72,0.84,3.98,0.93,1.93,-2.46,0.75,2.29,0.89,-2.49,1.49,0.31,3.98,0.93,1.93,-2.46,0.75,-4.36,3.94,0.59,3.44,-1.59,3.11,0.26,-0.11,-3.04,-0.25,0.75,-2.18,-1.12,-1.46,-0.4,-4.36,3.94,0.59,3.44,-1.59,-2.59,-2.64,-1.54,-0.85,-0.02,0.24,-2.32,0.6,-0.14,1.3,0.24,-2.32,0.6,-0.14,1.3,3.98,0.93,1.93,-2.46,0.75,3.98,0.93,1.93,-2.46,0.75,0.24,-2.32,0.6,-0.14,1.3,0.24,-2.32,0.6,-0.14,1.3,1.75,0.5,-1.44,-1.34,0.66,-3.89,-1.73,-1.71,-0.84,0.26,0.75,-2.18,-1.12,-1.46,-0.4,2.29,0.89,-2.49,1.49,0.31,3.52,2.5,-3.5,1.99,-0.17,2.29,0.89,-2.49,1.49,0.31,-4.36,3.94,0.59,3.44,-1.59,3.98,0.93,1.93,-2.46,0.75,0.24,-2.32,0.6,-0.14,1.3,3.98,0.93,1.93,-2.46,0.75,3.52,2.5,-3.5,1.99,-0.17,2.39,-1.07,1.15,-1.39,0.67,-4.28,-1.3,-1.49,-0.72,0.84,0.24,-2.32,0.6,-0.14,1.3,1.75,0.5,-1.44,-1.34,0.66,1.75,0.5,-1.44,-1.34,0.66,-4.36,3.94,0.59,3.44,-1.59,2.29,0.89,-2.49,1.49,0.31,2.05,-4.06,0.36,-0.82,-0.38
9,3.98,0.93,1.93,-2.46,0.75,2.05,-4.06,0.36,-0.82,-0.38,2.39,-1.07,1.15,-1.39,0.67,2.29,0.89,-2.49,1.49,0.31,2.05,-4.06,0.36,-0.82,-0.38,2.05,-4.06,0.36,-0.82,-0.38,-2.59,-2.64,-1.54,-0.85,-0.02,-4.22,1.94,1.06,0.54,-0.62,1.75,0.5,-1.44,-1.34,0.66,-4.22,1.94,1.06,0.54,-0.62,0.24,-2.32,0.6,-0.14,1.3,-2.54,2.44,0.43,0.04,-1.47,3.98,0.93,1.93,-2.46,0.75,2.05,-4.06,0.36,-0.82,-0.38,1.75,0.5,-1.44,-1.34,0.66,3.98,0.93,1.93,-2.46,0.75,-4.22,1.94,1.06,0.54,-0.62,-4.28,-1.3,-1.49,-0.72,0.84,3.05,1.62,1.04,-1.15,1.61,-4.28,-1.3,-1.49,-0.72,0.84,3.98,0.93,1.93,-2.46,0.75,2.29,0.89,-2.49,1.49,0.31,3.98,0.93,1.93,-2.46,0.75,2.47,1.95,0.26,3.9,0.09,3.11,0.26,-0.11,-3.04,-0.25,0.75,-2.18,-1.12,-1.46,-0.4,-4.36,3.94,0.59,3.44,-1.59,-2.59,-2.64,-1.54,-0.85,-0.02,0.24,-2.32,0.6,-0.14,1.3,0.24,-2.32,0.6,-0.14,1.3,3.98,0.93,1.93,-2.46,0.75,3.98,0.93,1.93,-2.46,0.75,0.24,-2.32,0.6,-0.14,1.3,0.24,-2.32,0.6,-0.14,1.3,1.75,0.5,-1.44,-1.34,0.66,-3.89,-1.73,-1.71,-0.84,0.26,2.39,-1.07,1.15,-1.39,0.67,2.29,0.89,-2.49,1.49,0.31,3.52,2.5,-3.5,1.99,-0.17,2.29,0.89,-2.49,1.49,0.31,-4.36,3.94,0.59,3.44,-1.59,3.98,0.93,1.93,-2.46,0.75,0.24,-2.32,0.6,-0.14,1.3,3.11,0.26,-0.11,-3.04,-0.25,3.52,2.5,-3.5,1.99,-0.17,2.39,-1.07,1.15,-1.39,0.67,-3.89,-1.73,-1.71,-0.84,0.26,0.24,-2.32,0.6,-0.14,1.3,1.75,0.5,-1.44,-1.34,0.66,-2.54,2.44,0.43,0.04,-1.47,-4.36,3.94,0.59,3.44,-1.59,2.29,0.89,-2.49,1.49,0.31,2.05,-4.06,0.36,-0.82,-0.38
10,3.98,0.93,1.93,-2.46,0.75,3.05,1.62,1.04,-1.15,1.61,-2.59,-2.64,-1.54,-0.85,-0.02,-3.89,-1.73,-1.71,-0.84,0.26,1.75,0.5,-1.44,-1.34,0.66,2.05,-4.06,0.36,-0.82,-0.38,-4.22,1.94,1.06,0.54,-0.62,-2.54,2.44,0.43,0.04,-1.47,1.75,0.5,-1.44,-1.34,0.66,3.98,0.93,1.93,-2.46,0.75,2.39,-1.07,1.15,-1.39,0.67,-2.54,2.44,0.43,0.04,-1.47,3.98,0.93,1.93,-2.46,0.75,2.05,-4.06,0.36,-0.82,-0.38,3.52,2.5,-3.5,1.99,-0.17,3.98,0.93,1.93,-2.46,0.75,-4.22,1.94,1.06,0.54,-0.62,-4.28,-1.3,-1.49,-0.72,0.84,0.75,-2.18,-1.12,-1.46,-0.4,-4.22,1.94,1.06,0.54,-0.62,3.98,0.93,1.93,-2.46,0.75,2.29,0.89,-2.49,1.49,0.31,3.11,0.26,-0.11,-3.04,-0.25,0.75,-2.18,-1.12,-1.46,-0.4,-2.85,-0.22,0.47,1.94,-0.98,0.75,-2.18,-1.12,-1.46,-0.4,-4.36,3.94,0.59,3.44,-1.59,-2.59,-2.64,-1.54,-0.85,-0.02,0.24,-2.32,0.6,-0.14,1.3,0.24,-2.32,0.6,-0.14,1.3,3.98,0.93,1.93,-2.46,0.75,-3.89,-1.73,-1.71,-0.84,0.26,2.05,-4.06,0.36,-0.82,-0.38,0.24,-2.32,0.6,-0.14,1.3,1.75,0.5,-1.44,-1.34,0.66,-3.89,-1.73,-1.71,-0.84,0.26,0.75,-2.18,-1.12,-1.46,-0.4,2.29,0.89,-2.49,1.49,0.31,3.52,2.5,-3.5,1.99,-0.17,3.52,2.5,-3.5,1.99,-0.17,-4.36,3.94,0.59,3.44,-1.59,3.11,0.26,-0.11,-3.04,-0.25,0.24,-2.32,0.6,-0.14,1.3,3.11,0.26,-0.11,-3.04,-0.25,-2.59,-2.64,-1.54,-0.85,-0.02,-2.59,-2.64,-1.54,-0.85,-0.02,3.98,0.93,1.93,-2.46,0.75,3.05,1.62,1.04,-1.15,1.61,1.75,0.5,-1.44,-1.34,0.66,1.75,0.5,-1.44,-1.34,0.66,-4.36,3.94,0.59,3.44,-1.59,2.29,0.89,-2.49,1.49,0.31,3.52,2.5,-3.5,1.99,-0.17
11,3.98,0.93,1.93,-2.46,0.75,2.05,-4.06,0.36,-0.82,-0.38,2.39,-1.07,1.15,-1.39,0.67,-3.89,-1.73,-1.71,-0.84,0.26,2.05,-4.06,0.36,-0.82,-0.38,2.05,-4.06,0.36,-0.82,-0.38,-4.22,1.94,1.06,0.54,-0.62,3.52,2.5,-3.5,1.99,-0.17,1.75,0.5,-1.44,-1.34,0.66,3.98,0.93,1.93,-2.46,0.75,0.24,-2.32,0.6,-0.14,1.3,-2.54,2.44,0.43,0.04,-1.47,3.98,0.93,1.93,-2.46,0.75,2.05,-4.06,0.36,-0.82,-0.38,3.52,2.5,-3.5,1.99,-0.17,3.98,0.93,1.93,-2.46,0.75,-4.22,1.94,1.06,0.54,-0.62,-4.28,-1.3,-1.49,-0.72,0.84,2.39,-1.07,1.15,-1.39,0.67,-4.28,-1.3,-1.49,-0.72,0.84,3.98,0.93,1.93,-2.46,0.75,2.29,0.89,-2.49,1.49,0.31,3.98,0.93,1.93,-2.46,0.75,-4.28,-1.3,-1.49,-0.72,0.84,3.11,0.26,-0.11,-3.04,-0.25,0.75,-2.18,-1.12,-1.46,-0.4,-4.36,3.94,0.59,3.44,-1.59,-2.59,-2.64,-1.54,-0.85,-0.02,0.24,-2.32,0.6,-0.14,1.3,0.24,-2.32,0.6,-0.14,1.3,3.98,0.93,1.93,-2.46,0.75,3.11,0.26,-0.11,-3.04,-0.25,0.24,-2.32,0.6,-0.14,1.3,0.24,-2.32,0.6,-0.14,1.3,1.75,0.5,-1.44,-1.34,0.66,-3.89,-1.73,-1.71,-0.84,0.26,0.75,-2.18,-1.12,-1.46,-0.4,2.29,0.89,-2.49,1.49,0.31,3.52,2.5,-3.5,1.99,-0.17,2.29,0.89,-2.49,1.49,0.31,-4.28,-1.3,-1.49,-0.72,0.84,3.98,0.93,1.93,-2.46,0.75,0.24,-2.32,0.6,-0.14,1.3,3.98,0.93,1.93,-2.46,0.75,3.52,2.5,-3.5,1.99,-0.17,2.39,-1.07,1.15,-1.39,0.67,-3.89,-1.73,-1.71,-0.84,0.26,0.24,-2.32,0.6,-0.14,1.3,1.75,0.5,-1.44,-1.34,0.66,3.52,2.5,-3.5,1.99,-0.17,1.75,0.5,-1.44,-1.34,0.66,3.52,2.5,-3.5,1.99,-0.17,0.24,-2.32,0.6,-0.14,1.3
12,3.98,0.93,1.93,-2.46,0.75,2.05,-4.06,0.36,-0.82,-0.38,2.39,-1.07,1.15,-1.39,0.67,2.29,0.89,-2.49,1.49,0.31,2.05,-4.06,0.36,-0.82,-0.38,2.05,-4.06,0.36,-0.82,-0.38,-4.22,1.94,1.06,0.54,-0.62,3.52,2.5,-3.5,1.99,-0.17,1.75,0.5,-1.44,-1.34,0.66,-2.54,2.44,0.43,0.04,-1.47,0.24,-2.32,0.6,-0.14,1.3,-2.54,2.44,0.43,0.04,-1.47,3.98,0.93,1.93,-2.46,0.75,2.05,-4.06,0.36,-0.82,-0.38,3.52,2.5,-3.5,1.99,-0.17,3.98,0.93,1.93,-2.46,0.75,-4.22,1.94,1.06,0.54,-0.62,-4.28,-1.3,-1.49,-0.72,0.84,2.39,-1.07,1.15,-1.39,0.67,-4.28,-1.3,-1.49,-0.72,0.84,3.98,0.93,1.93,-2.46,0.75,2.29,0.89,-2.49,1.49,0.31,3.98,0.93,1.93,-2.46,0.75,2.47,1.95,0.26,3.9,0.09,3.11,0.26,-0.11,-3.04,-0.25,0.75,-2.18,-1.12,-1.46,-0.4,-4.36,3.94,0.59,3.44,-1.59,-2.59,-2.64,-1.54,-0.85,-0.02,0.24,-2.32,0.6,-0.14,1.3,0.24,-2.32,0.6,-0.14,1.3,3.98,0.93,1.93,-2.46,0.75,3.11,0.26,-0.11,-3.04,-0.25,0.24,-2.32,0.6,-0.14,1.3,0.24,-2.32,0.6,-0.14,1.3,1.75,0.5,-1.44,-1.34,0.66,-3.89,-1.73,-1.71,-0.84,0.26,0.75,-2.18,-1.12,-1.46,-0.4,2.29,0.89,-2.49,1.49,0.31,3.52,2.5,-3.5,1.99,-0.17,2.29,0.89,-2.49,1.49,0.31,-4.36,3.94,0.59,3.44,-1.59,3.98,0.93,1.93,-2.46,0.75,2.05,-4.06,0.36,-0.82,-0.38,3.98,0.93,1.93,-2.46,0.75,3.52,2.5,-3.5,1.99,-0.17,2.39,-1.07,1.15,-1.39,0.67,-3.89,-1.73,-1.71,-0.84,0.26,0.24,-2.32,0.6,-0.14,1.3,1.75,0.5,-1.44,-1.34,0.66,3.52,2.5,-3.5,1.99,-0.17,-4.36,3.94,0.59,3.44,-1.59,3.52,2.5,-3.5,1.99,-0.17,0.24,-2.32,0.6,-0.14,1.3
13,3.98,0.93,1.93,-2.46,0.75,2.05,-4.06,0.36,-0.82,-0.38,2.39,-1.07,1.15,-1.39,0.67,-3.89,-1.73,-1.71,-0.84,0.26,2.05,-4.06,0.36,-0.82,-0.38,2.05,-4.06,0.36,-0.82,-0.38,-4.22,1.94,1.06,0.54,-0.62,-4.22,1.94,1.06,0.54,-0.62,1.75,0.5,-1.44,-1.34,0.66,-2.54,2.44,0.43,0.04,-1.47,0.24,-2.32,0.6,-0.14,1.3,-2.54,2.44,0.43,0.04,-1.47,3.98,0.93,1.93,-2.46,0.75,2.05,-4.06,0.36,-0.82,-0.38,3.52,2.5,-3.5,1.99,-0.17,3.98,0.93,1.93,-2.46,0.75,-4.22,1.94,1.06,0.54,-0.62,-4.28,-1.3,-1.49,-0.72,0.84,2.39,-1.07,1.15,-1.39,0.67,-4.28,-1.3,-1.49,-0.72,0.84,3.98,0.93,1.93,-2.46,0.75,2.29,0.89,-2.49,1.49,0.31,3.98,0.93,1.93,-2.46,0.75,2.47,1.95,0.26,3.9,0.09,3.11,0.26,-0.11,-3.04,-0.25,0.75,-2.18,-1.12,-1.46,-0.4,-4.36,3.94,0.59,3.44,-1.59,-2.59,-2.64,-1.54,-0.85,-0.02,0.24,-2.32,0.6,-0.14,1.3,0.24,-2.32,0.6,-0.14,1.3,3.98,0.93,1.93,-2.46,0.75,3.98,0.93,1.93,-2.46,0.75,0.24,-2.32,0.6,-0.14,1.3,0.24,-2.32,0.6,-0.14,1.3,1.75,0.5,-1.44,-1.34,0.66,-3.89,-1.73,-1.71,-0.84,0.26,0.75,-2.18,-1.12,-1.46,-0.4,2.29,0.89,-2.49,1.49,0.31,3.52,2.5,-3.5,1.99,-0.17,2.29,0.89,-2.49,1.49,0.31,-4.36,3.94,0.59,3.44,-1.59,3.98,0.93,1.93,-2.46,0.75,0.24,-2.32,0.6,-0.14,1.3,3.98,0.93,1.93,-2.46,0.75,3.52,2.5,-3.5,1.99,-0.17,2.39,-1.07,1.15,-1.39,0.67,-3.89,-1.73,-1.71,-0.84,0.26,0.24,-2.32,0.6,-0.14,1.3,1.75,0.5,-1.44,-1.34,0.66,3.52,2.5,-3.5,1.99,-0.17,3.52,2.5,-3.5,1.99,-0.17,3.52,2.5,-3.5,1.99,-0.17,0.24,-2.32,0.6,-0.14,1.3
14,3.98,0.93,1.93,-2.46,0.75,2.05,-4.06,0.36,-0.82,-0.38,2.39,-1.07,1.15,-1.39,0.67,2.29,0.89,-2.49,1.49,0.31,2.05,-4.06,0.36,-0.82,-0.38,2.05,-4.06,0.36,-0.82,-0.38,-4.22,1.94,1.06,0.54,-0.62,2.39,-1.07,1.15,-1.39,0.67,1.75,0.5,-1.44,-1.34,0.66,-2.54,2.44,0.43,0.04,-1.47,0.24,-2.32,0.6,-0.14,1.3,-2.54,2.44,0.43,0.04,-1.47,3.98,0.93,1.93,-2.46,0.75,2.05,-4.06,0.36,-0.82,-0.38,3.52,2.5,-3.5,1.99,-0.17,3.98,0.93,1.93,-2.46,0.75,-4.22,1.94,1.06,0.54,-0.62,-3.89,-1.73,-1.71,-0.84,0.26,2.39,-1.07,1.15,-1.39,0.67,-4.28,-1.3,-1.49,-0.72,0.84,3.98,0.93,1.93,-2.46,0.75,2.29,0.89,-2.49,1.49,0.31,2.47,1.95,0.26,3.9,0.09,1.75,0.5,-1.44,-1.34,0.66,3.11,0.26,-0.11,-3.04,-0.25,0.75,-2.18,-1.12,-1.46,-0.4,-4.36,3.94,0.59,3.44,-1.59,-2.59,-2.64,-1.54,-0.85,-0.02,0.24,-2.32,0.6,-0.14,1.3,0.24,-2.32,0.6,-0.14,1.3,3.98,0.93,1.93,-2.46,0.75,3.98,0.93,1.93,-2.46,0.75,2.05,-4.06,0.36,-0.82,-0.38,0.24,-2.32,0.6,-0.14,1.3,1.75,0.5,-1.44,-1.34,0.66,-3.89,-1.73,-1.71,-0.84,0.26,0.75,-2.18,-1.12,-1.46,-0.4,2.29,0.89,-2.49,1.49,0.31,3.52,2.5,-3.5,1.99,-0.17,2.29,0.89,-2.49,1.49,0.31,-4.36,3.94,0.59,3.44,-1.59,3.11,0.26,-0.11,-3.04,-0.25,0.24,-2.32,0.6,-0.14,1.3,3.98,0.93,1.93,-2.46,0.75,3.52,2.5,-3.5,1.99,-0.17,2.39,-1.07,1.15,-1.39,0.67,-4.22,1.94,1.06,0.54,-0.62,0.24,-2.32,0.6,-0.14,1.3,1.75,0.5,-1.44,-1.34,0.66,1.75,0.5,-1.44,-1.34,0.66,-4.36,3.94,0.59,3.44,-1.59,2.29,0.89,-2.49,1.49,0.31,2.05,-4.06,0.36,-0.82,-0.38
15,3.98,0.93,1.93,-2.46,0.75,2.05,-4.06,0.36,-0.82,-0.38,0.75,-2.18,-1.12,-1.46,-0.4,0.75,-2.18,-1.12,-1.46,-0.4,2.05,-4.06,0.36,-0.82,-0.38,0.24,-2.32,0.6,-0.14,1.3,-4.22,1.94,1.06,0.54,-0.62,2.47,1.95,0.26,3.9,0.09,1.75,0.5,-1.44,-1.34,0.66,-2.54,2.44,0.43,0.04,-1.47,0.24,-2.32,0.6,-0.14,1.3,-2.54,2.44,0.43,0.04,-1.47,3.98,0.93,1.93,-2.46,0.75,2.05,-4.06,0.36,-0.82,-0.38,3.52,2.5,-3.5,1.99,-0.17,3.98,0.93,1.93,-2.46,0.75,-4.22,1.94,1.06,0.54,-0.62,-2.59,-2.64,-1.54,-0.85,-0.02,2.39,-1.07,1.15,-1.39,0.67,-4.22,1.94,1.06,0.54,-0.62,3.98,0.93,1.93,-2.46,0.75,2.29,0.89,-2.49,1.49,0.31,3.98,0.93,1.93,-2.46,0.75,0.75,-2.18,-1.12,-1.46,-0.4,-4.28,-1.3,-1.49,-0.72,0.84,0.75,-2.18,-1.12,-1.46,-0.4,-2.54,2.44,0.43,0.04,-1.47,0.75,-2.18,-1.12,-1.46,-0.4,0.24,-2.32,0.6,-0.14,1.3,0.24,-2.32,0.6,-0.14,1.3,3.98,0.93,1.93,-2.46,0.75,0.24,-2.32,0.6,-0.14,1.3,2.05,-4.06,0.36,-0.82,-0.38,0.24,-2.32,0.6,-0.14,1.3,1.75,0.5,-1.44,-1.34,0.66,-2.59,-2.64,-1.54,-0.85,-0.02,0.75,-2.18,-1.12,-1.46,-0.4,2.29,0.89,-2.49,1.49,0.31,3.52,2.5,-3.5,1.99,-0.17,2.29,0.89,-2.49,1.49,0.31,-4.36,3.94,0.59,3.44,-1.59,3.11,0.26,-0.11,-3.04,-0.25,0.24,-2.32,0.6,-0.14,1.3,3.98,0.93,1.93,-2.46,0.75,2.29,0.89,-2.49,1.49,0.31,0.24,-2.32,0.6,-0.14,1.3,-4.22,1.94,1.06,0.54,-0.62,-4.28,-1.3,-1.49,-0.72,0.84,1.75,0.5,-1.44,-1.34,0.66,2.05,-4.06,0.36,-0.82,-0.38,3.52,2.5,-3.5,1.99,-0.17,2.29,0.89,-2.49,1.49,0.31,3.05,1.62,1.04,-1.15,1.61
16,3.98,0.93,1.93,-2.46,0.75,2.05,-4.06,0.36,-0.82,-0.38,2.39,-1.07,1.15,-1.39,0.67,2.29,0.89,-2.49,1.49,0.31,2.05,-4.06,0.36,-0.82,-0.38,2.05,-4.06,0.36,-0.82,-0.38,-4.22,1.94,1.06,0.54,-0.62,2.39,-1.07,1.15,-1.39,0.67,1.75,0.5,-1.44,-1.34,0.66,-2.54,2.44,0.43,0.04,-1.47,0.24,-2.32,0.6,-0.14,1.3,-2.54,2.44,0.43,0.04,-1.47,3.98,0.93,1.93,-2.46,0.75,2.05,-4.06,0.36,-0.82,-0.38,3.52,2.5,-3.5,1.99,-0.17,3.98,0.93,1.93,-2.46,0.75,-4.22,1.94,1.06,0.54,-0.62,-4.28,-1.3,-1.49,-0.72,0.84,2.39,-1.07,1.15,-1.39,0.67,-4.28,-1.3,-1.49,-0.72,0.84,3.98,0.93,1.93,-2.46,0.75,2.29,0.89,-2.49,1.49,0.31,3.98,0.93,1.93,-2.46,0.75,2.47,1.95,0.26,3.9,0.09,3.11,0.26,-0.11,-3.04,-0.25,0.75,-2.18,-1.12,-1.46,-0.4,-4.36,3.94,0.59,3.44,-1.59,-2.59,-2.64,-1.54,-0.85,-0.02,0.24,-2.32,0.6,-0.14,1.3,0.24,-2.32,0.6,-0.14,1.3,3.98,0.93,1.93,-2.46,0.75,3.98,0.93,1.93,-2.46,0.75,0.24,-2.32,0.6,-0.14,1.3,0.24,-2.32,0.6,-0.14,1.3,1.75,0.5,-1.44,-1.34,0.66,-3.89,-1.73,-1.71,-0.84,0.26,0.75,-2.18,-1.12,-1.46,-0.4,2.29,0.89,-2.49,1.49,0.31,3.52,2.5,-3.5,1.99,-0.17,2.29,0.89,-2.49,1.49,0.31,-4.36,3.94,0.59,3.44,-1.59,3.98,0.93,1.93,-2.46,0.75,0.24,-2.32,0.6,-0.14,1.3,3.11,0.26,-0.11,-3.04,-0.25,3.52,2.5,-3.5,1.99,-0.17,2.39,-1.07,1.15,-1.39,0.67,-3.89,-1.73,-1.71,-0.84,0.26,0.24,-2.32,0.6,-0.14,1.3,1.75,0.5,-1.44,-1.34,0.66,3.52,2.5,-3.5,1.99,-0.17,3.11,0.26,-0.11,-3.04,-0.25,3.52,2.5,-3.5,1.99,-0.17,0.24,-2.32,0.6,-0.14,1.3
17,3.98,0.93,1.93,-2.46,0.75,2.05,-4.06,0.36,-0.82,-0.38,2.39,-1.07,1.15,-1.39,0.67,2.29,0.89,-2.49,1.49,0.31,2.05,-4.06,0.36,-0.82,-0.38,2.05,-4.06,0.36,-0.82,-0.38,-2.59,-2.64,-1.54,-0.85,-0.02,-4.22,1.94,1.06,0.54,-0.62,1.75,0.5,-1.44,-1.34,0.66,-4.22,1.94,1.06,0.54,-0.62,0.24,-2.32,0.6,-0.14,1.3,-2.54,2.44,0.43,0.04,-1.47,3.98,0.93,1.93,-2.46,0.75,2.05,-4.06,0.36,-0.82,-0.38,1.75,0.5,-1.44,-1.34,0.66,3.98,0.93,1.93,-2.46,0.75,-4.22,1.94,1.06,0.54,-0.62,-4.28,-1.3,-1.49,-0.72,0.84,3.05,1.62,1.04,-1.15,1.61,-4.28,-1.3,-1.49,-0.72,0.84,3.98,0.93,1.93,-2.46,0.75,2.29,0.89,-2.49,1.49,0.31,3.98,0.93,1.93,-2.46,0.75,2.47,1.95,0.26,3.9,0.09,3.11,0.26,-0.11,-3.04,-0.25,0.75,-2.18,-1.12,-1.46,-0.4,-4.36,3.94,0.59,3.44,-1.59,-2.59,-2.64,-1.54,-0.85,-0.02,0.24,-2.32,0.6,-0.14,1.3,0.24,-2.32,0.6,-0.14,1.3,3.98,0.93,1.93,-2.46,0.75,3.98,0.93,1.93,-2.46,0.75,0.24,-2.32,0.6,-0.14,1.3,0.24,-2.32,0.6,-0.14,1.3,1.75,0.5,-1.44,-1.34,0.66,-3.89,-1.73,-1.71,-0.84,0.26,2.39,-1.07,1.15,-1.39,0.67,2.29,0.89,-2.49,1.49,0.31,3.52,2.5,-3.5,1.99,-0.17,2.29,0.89,-2.49,1.49,0.31,-4.36,3.94,0.59,3.44,-1.59,3.98,0.93,1.93,-2.46,0.75,0.24,-2.32,0.6,-0.14,1.3,3.11,0.26,-0.11,-3.04,-0.25,3.52,2.5,-3.5,1.99,-0.17,2.39,-1.07,1.15,-1.39,0.67,-3.89,-1.73,-1.71,-0.84,0.26,0.24,-2.32,0.6,-0.14,1.3,1.75,0.5,-1.44,-1.34,0.66,-2.54,2.44,0.43,0.04,-1.47,-4.36,3.94,0.59,3.44,-1.59,2.29,0.89,-2.49,1.49,0.31,2.05,-4.06,0.36,-0.82,-0.38
18,3.98,0.93,1.93,-2.46,0.75,2.05,-4.06,0.36,-0.82,-0.38,2.39,-1.07,1.15,-1.39,0.67,2.29,0.89,-2.49,1.49,0.31,2.05,-4.06,0.36,-0.82,-0.38,2.05,-4.06,0.36,-0.82,-0.38,-4.22,1.94,1.06,0.54,-0.62,-2.54,2.44,0.43,0.04,-1.47,1.75,0.5,-1.44,-1.34,0.66,-4.22,1.94,1.06,0.54,-0.62,0.24,-2.32,0.6,-0.14,1.3,-2.54,2.44,0.43,0.04,-1.47,3.98,0.93,1.93,-2.46,0.75,2.05,-4.06,0.36,-0.82,-0.38,3.52,2.5,-3.5,1.99,-0.17,3.98,0.93,1.93,-2.46,0.75,-4.22,1.94,1.06,0.54,-0.62,-4.28,-1.3,-1.49,-0.72,0.84,2.39,-1.07,1.15,-1.39,0.67,-4.28,-1.3,-1.49,-0.72,0.84,3.98,0.93,1.93,-2.46,0.75,2.29,0.89,-2.49,1.49,0.31,3.98,0.93,1.93,-2.46,0.75,3.52,2.5,-3.5,1.99,-0.17,3.11,0.26,-0.11,-3.04,-0.25,0.75,-2.18,-1.12,-1.46,-0.4,-4.36,3.94,0.59,3.44,-1.59,-2.59,-2.64,-1.54,-0.85,-0.02,0.24,-2.32,0.6,-0.14,1.3,0.24,-2.32,0.6,-0.14,1.3,3.98,0.93,1.93,-2.46,0.75,3.98,0.93,1.93,-2.46,0.75,2.05,-4.06,0.36,-0.82,-0.38,0.24,-2.32,0.6,-0.14,1.3,3.52,2.5,-3.5,1.99,-0.17,-2.59,-2.64,-1.54,-0.85,-0.02,0.75,-2.18,-1.12,-1.46,-0.4,2.29,0.89,-2.49,1.49,0.31,1.75,0.5,-1.44,-1.34,0.66,2.29,0.89,-2.49,1.49,0.31,-4.36,3.94,0.59,3.44,-1.59,3.98,0.93,1.93,-2.46,0.75,0.24,-2.32,0.6,-0.14,1.3,3.98,0.93,1.93,-2.46,0.75,3.52,2.5,-3.5,1.99,-0.17,2.39,-1.07,1.15,-1.39,0.67,-3.89,-1.73,-1.71,-0.84,0.26,0.24,-2.32,0.6,-0.14,1.3,1.75,0.5,-1.44,-1.34,0.66,3.52,2.5,-3.5,1.99,-0.17,3.11,0.26,-0.11,-3.04,-0.25,3.52,2.5,-3.5,1.99,-0.17,0.24,-2.32,0.6,-0.14,1.3
19,3.98,0.93,1.93,-2.46,0.75,2.05,-4.06,0.36,-0.82,-0.38,2.39,-1.07,1.15,-1.39,0.67,2.29,0.89,-2.49,1.49,0.31,2.05,-4.06,0.36,-0.82,-0.38,2.05,-4.06,0.36,-0.82,-0.38,-4.22,1.94,1.06,0.54,-0.62,2.39,-1.07,1.15,-1.39,0.67,1.75,0.5,-1.44,-1.34,0.66,-2.54,2.44,0.43,0.04,-1.47,0.24,-2.32,0.6,-0.14,1.3,-2.54,2.44,0.43,0.04,-1.47,3.98,0.93,1.93,-2.46,0.75,2.05,-4.06,0.36,-0.82,-0.38,3.52,2.5,-3.5,1.99,-0.17,3.98,0.93,1.93,-2.46,0.75,-4.22,1.94,1.06,0.54,-0.62,-4.28,-1.3,-1.49,-0.72,0.84,2.39,-1.07,1.15,-1.39,0.67,-4.28,-1.3,-1.49,-0.72,0.84,3.98,0.93,1.93,-2.46,0.75,2.29,0.89,-2.49,1.49,0.31,3.98,0.93,1.93,-2.46,0.75,3.52,2.5,-3.5,1.99,-0.17,3.11,0.26,-0.11,-3.04,-0.25,0.75,-2.18,-1.12,-1.46,-0.4,-4.36,3.94,0.59,3.44,-1.59,-2.59,-2.64,-1.54,-0.85,-0.02,0.24,-2.32,0.6,-0.14,1.3,0.24,-2.32,0.6,-0.14,1.3,3.98,0.93,1.93,-2.46,0.75,3.98,0.93,1.93,-2.46,0.75,2.05,-4.06,0.36,-0.82,-0.38,0.24,-2.32,0.6,-0.14,1.3,3.52,2.5,-3.5,1.99,-0.17,-2.59,-2.64,-1.54,-0.85,-0.02,0.75,-2.18,-1.12,-1.46,-0.4,2.29,0.89,-2.49,1.49,0.31,3.52,2.5,-3.5,1.99,-0.17,2.29,0.89,-2.49,1.49,0.31,-4.36,3.94,0.59,3.44,-1.59,3.98,0.93,1.93,-2.46,0.75,0.24,-2.32,0.6,-0.14,1.3,3.11,0.26,-0.11,-3.04,-0.25,3.52,2.5,-3.5,1.99,-0.17,2.39,-1.07,1.15,-1.39,0.67,-3.89,-1.73,-1.71,-0.84,0.26,0.24,-2.32,0.6,-0.14,1.3,1.75,0.5,-1.44,-1.34,0.66,3.52,2.5,-3.5,1.99,-0.17,3.11,0.26,-0.11,-3.04,-0.25,3.52,2.5,-3.5,1.99,-0.17,0.24,-2.32,0.6,-0.14,1.3
20,3.98,0.93,1.93,-2.46,0.75,2.05,-4.06,0.36,-0.82,-0.38,2.39,-1.07,1.15,-1.39,0.67,-3.89,-1.73,-1.71,-0.84,0.26,2.05,-4.06,0.36,-0.82,-0.38,2.05,-4.06,0.36,-0.82,-0.38,-4.22,1.94,1.06,0.54,-0.62,3.52,2.5,-3.5,1.99,-0.17,1.75,0.5,-1.44,-1.34,0.66,3.98,0.93,1.93,-2.46,0.75,0.24,-2.32,0.6,-0.14,1.3,-2.54,2.44,0.43,0.04,-1.47,3.98,0.93,1.93,-2.46,0.75,2.05,-4.06,0.36,-0.82,-0.38,3.52,2.5,-3.5,1.99,-0.17,3.98,0.93,1.93,-2.46,0.75,-4.22,1.94,1.06,0.54,-0.62,-4.28,-1.3,-1.49,-0.72,0.84,2.39,-1.07,1.15,-1.39,0.67,-4.28,-1.3,-1.49,-0.72,0.84,3.98,0.93,1.93,-2.46,0.75,2.29,0.89,-2.49,1.49,0.31,3.98,0.93,1.93,-2.46,0.75,3.52,2.5,-3.5,1.99,-0.17,3.11,0.26,-0.11,-3.04,-0.25,0.75,-2.18,-1.12,-1.46,-0.4,-4.36,3.94,0.59,3.44,-1.59,-2.59,-2.64,-1.54,-0.85,-0.02,0.24,-2.32,0.6,-0.14,1.3,0.24,-2.32,0.6,-0.14,1.3,3.98,0.93,1.93,-2.46,0.75,3.98,0.93,1.93,-2.46,0.75,2.05,-4.06,0.36,-0.82,-0.38,0.24,-2.32,0.6,-0.14,1.3,3.52,2.5,-3.5,1.99,-0.17,-2.59,-2.64,-1.54,-0.85,-0.02,0.75,-2.18,-1.12,-1.46,-0.4,2.29,0.89,-2.49,1.49,0.31,3.52,2.5,-3.5,1.99,-0.17,2.29,0.89,-2.49,1.49,0.31,-4.28,-1.3,-1.49,-0.72,0.84,3.98,0.93,1.93,-2.46,0.75,0.24,-2.32,0.6,-0.14,1.3,3.98,0.93,1.93,-2.46,0.75,3.52,2.5,-3.5,1.99,-0.17,2.39,-1.07,1.15,-1.39,0.67,-3.89,-1.73,-1.71,-0.84,0.26,0.24,-2.32,0.6,-0.14,1.3,1.75,0.5,-1.44,-1.34,0.66,3.52,2.5,-3.5,1.99,-0.17,1.75,0.5,-1.44,-1.34,0.66,3.52,2.5,-3.5,1.99,-0.17,0.24,-2.32,0.6,-0.14,1.3
21,3.98,0.93,1.93,-2.46,0.75,2.05,-4.06,0.36,-0.82,-0.38,2.39,-1.07,1.15,-1.39,0.67,2.29,0.89,-2.49,1.49,0.31,2.05,-4.06,0.36,-0.82,-0.38,2.05,-4.06,0.36,-0.82,-0.38,-2.59,-2.64,-1.54,-0.85,-0.02,-4.22,1.94,1.06,0.54,-0.62,1.75,0.5,-1.44,-1.34,0.66,-4.22,1.94,1.06,0.54,-0.62,0.24,-2.32,0.6,-0.14,1.3,-2.54,2.44,0.43,0.04,-1.47,3.98,0.93,1.93,-2.46,0.75,2.05,-4.06,0.36,-0.82,-0.38,3.52,2.5,-3.5,1.99,-0.17,3.98,0.93,1.93,-2.46,0.75,-4.22,1.94,1.06,0.54,-0.62,-4.28,-1.3,-1.49,-0.72,0.84,2.39,-1.07,1.15,-1.39,0.67,-4.28,-1.3,-1.49,-0.72,0.84,3.98,0.93,1.93,-2.46,0.75,2.29,0.89,-2.49,1.49,0.31,3.98,0.93,1.93,-2.46,0.75,3.52,2.5,-3.5,1.99,-0.17,3.11,0.26,-0.11,-3.04,-0.25,0.75,-2.18,-1.12,-1.46,-0.4,-4.36,3.94,0.59,3.44,-1.59,-2.59,-2.64,-1.54,-0.85,-0.02,0.24,-2.32,0.6,-0.14,1.3,0.24,-2.32,0.6,-0.14,1.3,3.98,0.93,1.93,-2.46,0.75,3.98,0.93,1.93,-2.46,0.75,0.24,-2.32,0.6,-0.14,1.3,0.24,-2.32,0.6,-0.14,1.3,1.75,0.5,-1.44,-1.34,0.66,-3.89,-1.73,-1.71,-0.84,0.26,2.39,-1.07,1.15,-1.39,0.67,2.29,0.89,-2.49,1.49,0.31,3.52,2.5,-3.5,1.99,-0.17,2.29,0.89,-2.49,1.49,0.31,-4.28,-1.3,-1.49,-0.72,0.84,3.98,0.93,1.93,-2.46,0.75,2.05,-4.06,0.36,-0.82,-0.38,3.11,0.26,-0.11,-3.04,-0.25,3.52,2.5,-3.5,1.99,-0.17,2.39,-1.07,1.15,-1.39,0.67,-2.59,-2.64,-1.54,-0.85,-0.02,0.24,-2.32,0.6,-0.14,1.3,1.75,0.5,-1.44,-1.34,0.66,3.52,2.5,-3.5,1.99,-0.17,-2.54,2.44,0.43,0.04,-1.47,3.52,2.5,-3.5,1.99,-0.17,0.24,-2.32,0.6,-0.14,1.3
22,3.98,0.93,1.93,-2.46,0.75,2.05,-4.06,0.36,-0.82,-0.38,2.39,-1.07,1.15,-1.39,0.67,-3.89,-1.73,-1.71,-0.84,0.26,2.05,-4.06,0.36,-0.82,-0.38,2.05,-4.06,0.36,-0.82,-0.38,-4.22,1.94,1.06,0.54,-0.62,3.52,2.5,-3.5,1.99,-0.17,1.75,0.5,-1.44,-1.34,0.66,3.98,0.93,1.93,-2.46,0.75,0.24,-2.32,0.6,-0.14,1.3,-2.54,2.44,0.43,0.04,-1.47,3.98,0.93,1.93,-2.46,0.75,2.05,-4.06,0.36,-0.82,-0.38,3.52,2.5,-3.5,1.99,-0.17,3.98,0.93,1.93,-2.46,0.75,-4.22,1.94,1.06,0.54,-0.62,-3.89,-1.73,-1.71,-0.84,0.26,2.39,-1.07,1.15,-1.39,0.67,-4.28,-1.3,-1.49,-0.72,0.84,3.98,0.93,1.93,-2.46,0.75,2.29,0.89,-2.49,1.49,0.31,3.98,0.93,1.93,-2.46,0.75,3.52,2.5,-3.5,1.99,-0.17,3.11,0.26,-0.11,-3.04,-0.25,0.75,-2.18,-1.12,-1.46,-0.4,-4.36,3.94,0.59,3.44,-1.59,-2.59,-2.64,-1.54,-0.85,-0.02,0.24,-2.32,0.6,-0.14,1.3,0.24,-2.32,0.6,-0.14,1.3,3.98,0.93,1.93,-2.46,0.75,3.98,0.93,1.93,-2.46,0.75,2.05,-4.06,0.36,-0.82,-0.38,0.24,-2.32,0.6,-0.14,1.3,3.52,2.5,-3.5,1.99,-0.17,-2.59,-2.64,-1.54,-0.85,-0.02,0.75,-2.18,-1.12,-1.46,-0.4,2.29,0.89,-2.49,1.49,0.31,1.75,0.5,-1.44,-1.34,0.66,2.29,0.89,-2.49,1.49,0.31,-4.36,3.94,0.59,3.44,-1.59,3.11,0.26,-0.11,-3.04,-0.25,0.24,-2.32,0.6,-0.14,1.3,3.98,0.93,1.93,-2.46,0.75,3.52,2.5,-3.5,1.99,-0.17,2.39,-1.07,1.15,-1.39,0.67,-4.22,1.94,1.06,0.54,-0.62,0.24,-2.32,0.6,-0.14,1.3,1.75,0.5,-1.44,-1.34,0.66,1.75,0.5,-1.44,-1.34,0.66,-4.36,3.94,0.59,3.44,-1.59,2.29,0.89,-2.49,1.49,0.31,2.05,-4.06,0.36,-0.82,-0.38
23,3.98,0.93,1.93,-2.46,0.75,2.05,-4.06,0.36,-0.82,-0.38,2.39,-1.07,1.15,-1.39,0.67,-3.89,-1.73,-1.71,-0.84,0.26,2.05,-4.06,0.36,-0.82,-0.38,2.05,-4.06,0.36,-0.82,-0.38,-4.22,1.94,1.06,0.54,-0.62,3.52,2.5,-3.5,1.99,-0.17,1.75,0.5,-1.44,-1.34,0.66,3.98,0.93,1.93,-2.46,0.75,0.24,-2.32,0.6,-0.14,1.3,-2.54,2.44,0.43,0.04,-1.47,3.98,0.93,1.93,-2.46,0.75,2.05,-4.06,0.36,-0.82,-0.38,3.52,2.5,-3.5,1.99,-0.17,3.98,0.93,1.93,-2.46,0.75,-4.22,1.94,1.06,0.54,-0.62,-4.28,-1.3,-1.49,-0.72,0.84,2.39,-1.07,1.15,-1.39,0.67,-4.28,-1.3,-1.49,-0.72,0.84,3.98,0.93,1.93,-2.46,0.75,2.29,0.89,-2.49,1.49,0.31,3.98,0.93,1.93,-2.46,0.75,3.52,2.5,-3.5,1.99,-0.17,3.11,0.26,-0.11,-3.04,-0.25,0.75,-2.18,-1.12,-1.46,-0.4,-4.36,3.94,0.59,3.44,-1.59,-2.59,-2.64,-1.54,-0.85,-0.02,0.24,-2.32,0.6,-0.14,1.3,0.24,-2.32,0.6,-0.14,1.3,3.98,0.93,1.93,-2.46,0.75,3.98,0.93,1.93,-2.46,0.75,2.05,-4.06,0.36,-0.82,-0.38,0.24,-2.32,0.6,-0.14,1.3,3.52,2.5,-3.5,1.99,-0.17,-2.59,-2.64,-1.54,-0.85,-0.02,0.75,-2.18,-1.12,-1.46,-0.4,2.29,0.89,-2.49,1.49,0.31,1.75,0.5,-1.44,-1.34,0.66,2.29,0.89,-2.49,1.49,0.31,-4.36,3.94,0.59,3.44,-1.59,3.11,0.26,-0.11,-3.04,-0.25,0.24,-2.32,0.6,-0.14,1.3,3.98,0.93,1.93,-2.46,0.75,3.52,2.5,-3.5,1.99,-0.17,2.39,-1.07,1.15,-1.39,0.67,-4.22,1.94,1.06,0.54,-0.62,0.24,-2.32,0.6,-0.14,1.3,1.75,0.5,-1.44,-1.34,0.66,1.75,0.5,-1.44,-1.34,0.66,-4.36,3.94,0.59,3.44,-1.59,2.29,0.89,-2.49,1.49,0.31,2.05,-4.06,0.36,-0.82,-0.38
